{
    "best_threshold": 55,
    "best_f1": 0.38513033776245054,
    "emissions_train": 2.206928290442114e-05
}