{
    "5": {
        "f1_score": 0.3498013050090762
    },
    "10": {
        "f1_score": 0.3498013050090762
    },
    "15": {
        "f1_score": 0.3498013050090762
    },
    "20": {
        "f1_score": 0.3498013050090762
    },
    "25": {
        "f1_score": 0.3498013050090762
    },
    "30": {
        "f1_score": 0.3498013050090762
    },
    "35": {
        "f1_score": 0.3498013050090762
    },
    "40": {
        "f1_score": 0.3498270490395702
    },
    "45": {
        "f1_score": 0.348591636372629
    },
    "50": {
        "f1_score": 0.36921208440868375
    },
    "55": {
        "f1_score": 0.38513033776245054
    },
    "60": {
        "f1_score": 0.34402332361516036
    },
    "65": {
        "f1_score": 0.24807578448786263
    },
    "70": {
        "f1_score": 0.1706898524196316
    },
    "75": {
        "f1_score": 0.11059792784920734
    },
    "80": {
        "f1_score": 0.06239259748843357
    },
    "85": {
        "f1_score": 0.04778523489932886
    },
    "90": {
        "f1_score": 0.0413178503915744
    },
    "95": {
        "f1_score": 0.03497356649044327
    },
    "100": {
        "f1_score": 0.0347212803472128
    }
}