{
    "best_threshold": 0.8,
    "best_f1": 0.5468292707952181,
    "emissions_train": 1.688741518627143e-06
}