{
    "0.05": {
        "f1": 0.1749006525045381
    },
    "0.1": {
        "f1": 0.1749006525045381
    },
    "0.15": {
        "f1": 0.1749006525045381
    },
    "0.2": {
        "f1": 0.1749006525045381
    },
    "0.25": {
        "f1": 0.1749006525045381
    },
    "0.3": {
        "f1": 0.1749006525045381
    },
    "0.35": {
        "f1": 0.1749006525045381
    },
    "0.4": {
        "f1": 0.1749006525045381
    },
    "0.45": {
        "f1": 0.1749006525045381
    },
    "0.5": {
        "f1": 0.1749006525045381
    },
    "0.55": {
        "f1": 0.1749006525045381
    },
    "0.6": {
        "f1": 0.1754683758218269
    },
    "0.65": {
        "f1": 0.1827579833085523
    },
    "0.7": {
        "f1": 0.24667298942557386
    },
    "0.75": {
        "f1": 0.468696969642573
    },
    "0.8": {
        "f1": 0.5468292707952181
    },
    "0.85": {
        "f1": 0.4668053114086066
    },
    "0.9": {
        "f1": 0.4420502638584298
    },
    "0.95": {
        "f1": 0.4407236207641914
    },
    "1.0": {
        "f1": 0.4407236207641914
    }
}