{
    "best_threshold": 0.8,
    "best_f1": 0.5876696582190717,
    "emissions_train": 1.7701165222536783e-06
}