{
    "0.05": {
        "f1": 0.1749006525045381
    },
    "0.1": {
        "f1": 0.1749006525045381
    },
    "0.15": {
        "f1": 0.1749006525045381
    },
    "0.2": {
        "f1": 0.1749006525045381
    },
    "0.25": {
        "f1": 0.1749006525045381
    },
    "0.3": {
        "f1": 0.1749006525045381
    },
    "0.35": {
        "f1": 0.1749006525045381
    },
    "0.4": {
        "f1": 0.1749006525045381
    },
    "0.45": {
        "f1": 0.1749006525045381
    },
    "0.5": {
        "f1": 0.1749006525045381
    },
    "0.55": {
        "f1": 0.1749006525045381
    },
    "0.6": {
        "f1": 0.1749006525045381
    },
    "0.65": {
        "f1": 0.1749006525045381
    },
    "0.7": {
        "f1": 0.1749426688495083
    },
    "0.75": {
        "f1": 0.21457193275695674
    },
    "0.8": {
        "f1": 0.5876696582190717
    },
    "0.85": {
        "f1": 0.48769209167920435
    },
    "0.9": {
        "f1": 0.4408711817230909
    },
    "0.95": {
        "f1": 0.4407236207641914
    },
    "1.0": {
        "f1": 0.4407236207641914
    }
}