{
    "best_threshold": 0.8,
    "best_f1": 0.58548642342649,
    "emissions_train": 1.655528091341801e-06
}