{
    "0.05": {
        "f1": 0.1749006525045381
    },
    "0.1": {
        "f1": 0.1749006525045381
    },
    "0.15": {
        "f1": 0.1749006525045381
    },
    "0.2": {
        "f1": 0.1749006525045381
    },
    "0.25": {
        "f1": 0.1749006525045381
    },
    "0.3": {
        "f1": 0.1749006525045381
    },
    "0.35": {
        "f1": 0.1749006525045381
    },
    "0.4": {
        "f1": 0.1749006525045381
    },
    "0.45": {
        "f1": 0.1749006525045381
    },
    "0.5": {
        "f1": 0.1749006525045381
    },
    "0.55": {
        "f1": 0.1751107078740174
    },
    "0.6": {
        "f1": 0.1776499498607706
    },
    "0.65": {
        "f1": 0.20160397083004677
    },
    "0.7": {
        "f1": 0.30459001606144076
    },
    "0.75": {
        "f1": 0.4812222430320886
    },
    "0.8": {
        "f1": 0.58548642342649
    },
    "0.85": {
        "f1": 0.5222572642483969
    },
    "0.9": {
        "f1": 0.45317706713285105
    },
    "0.95": {
        "f1": 0.4407236207641914
    },
    "1.0": {
        "f1": 0.4407236207641914
    }
}